USE EST_CASO_III_DDL;

INSERT INTO PAGAMENTOS (PAG_ID, PAG_TOTAL, PAG_DESCONTO, PAG_LIQUIDO, PAG_FORMA, PAG_QTPARCELAS)
VALUES 
(1, 1000.00, 50.00, 950.00, 'Cartão', 3),
(2, 500.00, 25.00, 475.00, 'Dinheiro', 1),
(3, 1200.00, NULL, 1200.00, 'Boleto', 5),
(4, 800.00, 40.00, 760.00, 'Transferência', 2),
(5, 300.00, 10.00, 290.00, 'Cheque', 4);

UPDATE PAGAMENTOS SET PAG_FORMA = 'PIX' WHERE PAG_ID = 1;
UPDATE PAGAMENTOS SET PAG_DESCONTO = 0 WHERE PAG_ID = 3;

DELETE FROM PAGAMENTOS WHERE PAG_ID = 5;

INSERT INTO TIPOS_DE_COMPONENTES (TDC_COD, TDC_NOME)
VALUES
(1, 'Componente A'),
(2, 'Componente B'),
(3, 'Componente C'),
(4, 'Componente D'),
(5, 'Componente E');

UPDATE TIPOS_DE_COMPONENTES SET TDC_NOME = 'Componente Atualizado A' WHERE TDC_COD = 1;
UPDATE TIPOS_DE_COMPONENTES SET TDC_NOME = 'Componente Atualizado B' WHERE TDC_COD = 2;

DELETE FROM TIPOS_DE_COMPONENTES WHERE TDC_COD = 5;

INSERT INTO FORNECEDORES (FORN_CPNJ, FORN_RAZAOSOCIAL, FORN_PESSOACONTATO)
VALUES
('12345678000100', 'Fornecedor A', 'Contato A'),
('22345678000100', 'Fornecedor B', 'Contato B'),
('32345678000100', 'Fornecedor C', 'Contato C'),
('42345678000100', 'Fornecedor D', 'Contato D'),
('52345678000100', 'Fornecedor E', 'Contato E');

UPDATE FORNECEDORES SET FORN_RAZAOSOCIAL = 'Fornecedor Atualizado A' WHERE FORN_CPNJ = '12345678000100';
UPDATE FORNECEDORES SET FORN_PESSOACONTATO = 'Novo Contato B' WHERE FORN_CPNJ = '22345678000100';

-- Exclusão
DELETE FROM FORNECEDORES WHERE FORN_CPNJ = '52345678000100';

INSERT INTO CLIENTES (CLI_COD, CLI_CNPJ, CLI_RAZAOSOCIAL, CLI_RAMOATV, CLI_DATACASDASTRO, CLI_PESSOACONTATO)
VALUES
(1, '11111111000100', 'Cliente A', 'Comércio', '2023-01-01 10:00:00', 'Contato A'),
(2, '22222222000100', 'Cliente B', 'Indústria', '2023-02-02 10:00:00', 'Contato B'),
(3, '33333333000100', 'Cliente C', 'Serviços', '2023-03-03 10:00:00', 'Contato C'),
(4, '44444444000100', 'Cliente D', 'Agricultura', '2023-04-04 10:00:00', 'Contato D'),
(5, '55555555000100', 'Cliente E', 'Construção', '2023-05-05 10:00:00', 'Contato E');

UPDATE CLIENTES SET CLI_RAZAOSOCIAL = 'Cliente Atualizado A' WHERE CLI_COD = 1;
UPDATE CLIENTES SET CLI_RAMOATV = 'Tecnologia' WHERE CLI_COD = 2;

DELETE FROM CLIENTES WHERE CLI_COD = 5;

INSERT INTO EMPREGADOS (EMP_MATR, EMP_NOME, EMP_CARGO, EMP_SALARIO, EMP_DATAADI, EMP_QUALIFICACOES)
VALUES
(1, 'Empregado A', 'Gerente', 3000.00, '2023-01-01', 'MBA'),
(2, 'Empregado B', 'Engenheiro', 5000.00, '2023-02-01', 'Mestrado'),
(3, 'Empregado C', 'Técnico', 2500.00, '2023-03-01', 'Certificação A'),
(4, 'Empregado D', 'Operador', 2000.00, '2023-04-01', 'Certificação B'),
(5, 'Empregado E', 'Estagiário', 1000.00, '2023-05-01', 'Graduação');

-- Atualizações
UPDATE EMPREGADOS SET EMP_CARGO = 'Diretor' WHERE EMP_MATR = 1;
UPDATE EMPREGADOS SET EMP_SALARIO = 5500.00 WHERE EMP_MATR = 2;

DELETE FROM EMPREGADOS WHERE EMP_MATR = 5;

INSERT INTO MAQUINAS (MAQ_COD, MAQ_FIMGARANTIA, MAQ_DATACOMPRA, MAQ_TEMPODEVIDA)
VALUES
(1, '2025-01-01', '2023-01-01 10:00:00', '2030-01-01'),
(2, '2026-02-02', '2023-02-02 10:00:00', '2031-02-02'),
(3, '2027-03-03', '2023-03-03 10:00:00', '2032-03-03'),
(4, '2028-04-04', '2023-04-04 10:00:00', '2033-04-04'),
(5, '2029-05-05', '2023-05-05 10:00:00', '2034-05-05');

UPDATE MAQUINAS SET MAQ_FIMGARANTIA = '2026-06-06' WHERE MAQ_COD = 1;
UPDATE MAQUINAS SET MAQ_TEMPODEVIDA = '2035-05-05' WHERE MAQ_COD = 2;

DELETE FROM MAQUINAS WHERE MAQ_COD = 5;

INSERT INTO COMPONENTES (COMP_COD, COMP_NOME, COMP_QT_ESTOQUE, COMP_PRECO_UNIT, COMP_UND, COMP_TDC_COD)
VALUES
(1, 'Componente X', 100, 50.00, 'Unidade', 1),
(2, 'Componente Y', 200, 75.00, 'Unidade', 2),
(3, 'Componente Z', 150, 60.00, 'Unidade', 3),
(4, 'Componente W', 80, 40.00, 'Unidade', 4),
(5, 'Componente V', 120, 65.00, 'Unidade', 5);

UPDATE COMPONENTES SET COMP_NOME = 'Componente Atualizado X' WHERE COMP_COD = 1;
UPDATE COMPONENTES SET COMP_PRECO_UNIT = 70.00 WHERE COMP_COD = 2;

DELETE FROM COMPONENTES WHERE COMP_COD = 5;

INSERT INTO ENCOMENDAS (ENC_NUM, ENC_DATAINCLU, ENC_PAG_ID, ENC_CLI_COD)
VALUES
(1, '2024-01-01 10:00:00', 1, 1),
(2, '2024-02-01 11:00:00', 2, 2),
(3, '2024-03-01 12:00:00', 3, 3),
(4, '2024-04-01 13:00:00', 4, 4),
(5, '2024-05-01 14:00:00', 5, 5);

UPDATE ENCOMENDAS SET ENC_DATAINCLU = '2024-06-01 10:00:00' WHERE ENC_NUM = 1;
UPDATE ENCOMENDAS SET ENC_PAG_ID = 3 WHERE ENC_NUM = 2;

DELETE FROM ENCOMENDAS WHERE ENC_NUM = 5;

INSERT INTO TIPOS_DE_ENDERECOS (TDE_COD, TDE_NOME, TDE_FORN_CPNJ, TDE_CLI_COD, TDE_EMP_MATR)
VALUES
(1, 'Residencial', '12345678000100', 1, 1),
(2, 'Comercial', '22345678000100', 2, 2),
(3, 'Faturamento', '32345678000100', 3, 3),
(4, 'Entrega', '42345678000100', 4, 4),
(5, 'Cobrança', '52345678000100', 5, 5);

UPDATE TIPOS_DE_ENDERECOS SET TDE_NOME = 'Endereço Atualizado' WHERE TDE_COD = 1;
UPDATE TIPOS_DE_ENDERECOS SET TDE_CLI_COD = 2 WHERE TDE_COD = 2;

DELETE FROM TIPOS_DE_ENDERECOS WHERE TDE_COD = 5;

INSERT INTO TELEFONES (TELE_DDI, TELE_DDD, TELE_NUM, TELE_FORN_CPNJ, TELE_CLI_COD, TELE_EMP_MATR)
VALUES
('+55', 11, '987654321', '12345678000100', 1, 1),
('+55', 21, '876543210', '22345678000100', 2, 2),
('+55', 31, '765432109', '32345678000100', 3, 3),
('+55', 41, '654321098', '42345678000100', 4, 4),
('+55', 51, '543210987', '52345678000100', 5, 5);

UPDATE TELEFONES SET TELE_DDD = 99 WHERE TELE_DDI = '+55' AND TELE_NUM = '987654321';
UPDATE TELEFONES SET TELE_NUM = '123456789' WHERE TELE_DDI = '+55' AND TELE_DDD = 21;

DELETE FROM TELEFONES WHERE TELE_NUM = '543210987';

INSERT INTO REGISTRO_DE_MANUTENCAO (RM_DATA, RM_DESCRICAO, RM_MAQ_COD)
VALUES
('2024-01-01', 'Troca de peças', 1),
('2024-02-01', 'Revisão de segurança', 2),
('2024-03-01', 'Lubrificação', 3),
('2024-04-01', 'Ajuste técnico', 4),
('2024-05-01', 'Substituição de componentes', 5);

UPDATE REGISTRO_DE_MANUTENCAO SET RM_DESCRICAO = 'Manutenção preventiva' WHERE RM_MAQ_COD = 1;
UPDATE REGISTRO_DE_MANUTENCAO SET RM_DATA = '2024-06-01' WHERE RM_MAQ_COD = 2;

DELETE FROM REGISTRO_DE_MANUTENCAO WHERE RM_MAQ_COD = 5;

INSERT INTO COMPONENTES_FORNECEDORES (CMFR_COMP_COD, CMFR_FORN_CPNJ)
VALUES
(1, '12345678000100'),
(2, '22345678000100'),
(3, '32345678000100'),
(4, '42345678000100'),
(5, '52345678000100');

UPDATE COMPONENTES_FORNECEDORES SET CMFR_FORN_CPNJ = '32345678000100' WHERE CMFR_COMP_COD = 1;
UPDATE COMPONENTES_FORNECEDORES SET CMFR_COMP_COD = 4 WHERE CMFR_FORN_CPNJ = '22345678000100';

DELETE FROM COMPONENTES_FORNECEDORES WHERE CMFR_COMP_COD = 5 AND CMFR_FORN_CPNJ = '52345678000100';

INSERT INTO REGISTRO_DE_SUPRIMENTO (RS_COMP_COD, RS_MAQ_COD, RS_QNT, RS_DATANECESSIDADE)
VALUES
(1, 1, 50, '2024-01-01'),
(2, 2, 30, '2024-02-01'),
(3, 3, 20, '2024-03-01'),
(4, 4, 40, '2024-04-01'),
(5, 5, 60, '2024-05-01');

UPDATE REGISTRO_DE_SUPRIMENTO SET RS_QNT = 70 WHERE RS_COMP_COD = 1 AND RS_MAQ_COD = 1;
UPDATE REGISTRO_DE_SUPRIMENTO SET RS_DATANECESSIDADE = '2024-06-01' WHERE RS_COMP_COD = 2 AND RS_MAQ_COD = 2;

DELETE FROM REGISTRO_DE_SUPRIMENTO WHERE RS_COMP_COD = 5 AND RS_MAQ_COD = 5;

INSERT INTO PRODUTOS (PROD_COD, PROD_NOME, PROD_COR, PROD_DIMENSOES, PROD_PESO, PROD_TEMPFAB, PROD_HORAOBRA, PROD_DESENHO, PROD_ENC_NUM, PROD_EMP_MATR, PROD_RS_COMP_COD, PROD_RS_MAQ_COD)
VALUES
(1, 'Produto A', 'Azul', '10x10x10', 1.000, '02:00:00', '04:00:00', 'desenho_a.jpg', 1, 1, 1, 1),
(2, 'Produto B', 'Vermelho', '20x20x20', 2.000, '03:00:00', '05:00:00', 'desenho_b.jpg', 2, 2, 2, 2),
(3, 'Produto C', 'Verde', '30x30x30', 3.000, '04:00:00', '06:00:00', 'desenho_c.jpg', 3, 3, 3, 3),
(4, 'Produto D', 'Amarelo', '40x40x40', 4.000, '05:00:00', '07:00:00', 'desenho_d.jpg', 4, 4, 4, 4),
(5, 'Produto E', 'Preto', '50x50x50', 5.000, '06:00:00', '08:00:00', 'desenho_e.jpg', 5, 5, 5, 5);

UPDATE PRODUTOS SET PROD_NOME = 'Produto Atualizado A' WHERE PROD_COD = 1;
UPDATE PRODUTOS SET PROD_PESO = 1.500 WHERE PROD_COD = 2;

DELETE FROM PRODUTOS WHERE PROD_COD = 5;
