USE EST_CASO_II_DDL;

INSERT INTO PASSAGEIROS (PASS_CPF, PASS_NOME, PASS_EMAIL, PASS_TELEFONE, PASS_RUA, PASS_NUMRUA, PAS_BAIRRO, PASS_CIDADE, PASS_ESTADO, PASS_PAIS, PASS_CODPOSTAL)
VALUES 
('11111111111', 'Passageiro A', 'passageiroA@email.com', '1234-5678', 'Rua A', 100, 'Bairro A', 'Cidade A', 'Estado A', 'Pais A', '12345-678'),
('22222222222', 'Passageiro B', 'passageiroB@email.com', '2234-5678', 'Rua B', 101, 'Bairro B', 'Cidade B', 'Estado B', 'Pais B', '22345-678'),
('33333333333', 'Passageiro C', 'passageiroC@email.com', '3234-5678', 'Rua C', 102, 'Bairro C', 'Cidade C', 'Estado C', 'Pais C', '32345-678'),
('44444444444', 'Passageiro D', 'passageiroD@email.com', '4234-5678', 'Rua D', 103, 'Bairro D', 'Cidade D', 'Estado D', 'Pais D', '42345-678'),
('55555555555', 'Passageiro E', 'passageiroE@email.com', '5234-5678', 'Rua E', 104, 'Bairro E', 'Cidade E', 'Estado E', 'Pais E', '52345-678');

UPDATE PASSAGEIROS SET PASS_NOME = 'Passageiro Atualizado A' WHERE PASS_CPF = '11111111111';
UPDATE PASSAGEIROS SET PASS_TELEFONE = '9999-9999' WHERE PASS_CPF = '22222222222';

DELETE FROM PASSAGEIROS WHERE PASS_CPF = '55555555555';

INSERT INTO AEROPORTOS (AEROP_COD, AEROP_NOME, AEROP_CIDADE, AEROP_PAIS, AEROP_LATITUDE, AEROP_LONGITUDE)
VALUES
('AER1', 'Aeroporto A', 'Cidade A', 'Pais A', -23.564, -46.653),
('AER2', 'Aeroporto B', 'Cidade B', 'Pais B', -22.908, -43.196),
('AER3', 'Aeroporto C', 'Cidade C', 'Pais C', 40.7128, -74.0060),
('AER4', 'Aeroporto D', 'Cidade D', 'Pais D', 51.5074, -0.1278),
('AER5', 'Aeroporto E', 'Cidade E', 'Pais E', 35.6895, 139.6917);

UPDATE AEROPORTOS SET AEROP_NOME = 'Aeroporto Atualizado A' WHERE AEROP_COD = 'AER1';
UPDATE AEROPORTOS SET AEROP_PAIS = 'Pais Atualizado B' WHERE AEROP_COD = 'AER2';

DELETE FROM AEROPORTOS WHERE AEROP_COD = 'AER5';

INSERT INTO AERONAVES (AERON_PREFIXO, AERON_MODELO, AERON_ANOFABR, AERON_AUTONOMIA, AERON_CAPACIDADE, AERON_FABRICANTE)
VALUES
('PR-A1', 'Modelo A', 2010, 5.5, 180, 'Fabricante A'),
('PR-B2', 'Modelo B', 2012, 6.0, 220, 'Fabricante B'),
('PR-C3', 'Modelo C', 2015, 7.0, 200, 'Fabricante C'),
('PR-D4', 'Modelo D', 2018, 4.5, 250, 'Fabricante D'),
('PR-E5', 'Modelo E', 2020, 8.0, 300, 'Fabricante E');

UPDATE AERONAVES SET AERON_MODELO = 'Modelo Atualizado A' WHERE AERON_PREFIXO = 'PR-A1';
UPDATE AERONAVES SET AERON_CAPACIDADE = 190 WHERE AERON_PREFIXO = 'PR-B2';

DELETE FROM AERONAVES WHERE AERON_PREFIXO = 'PR-E5';

INSERT INTO FUNCIONARIOS (FUNC_ID, FUNC_NOME, FUNC_DATANASC, FUNC_CPF, FUNC_FUNCAO, FUNC_RUA, FUNC_NUMRUA, FUNC_BAIRRO, FUNC_CIDADE, FUNC_ESTADO, FUNC_PAIS, FUNC_CODPOSTAL)
VALUES
(1, 'Funcionario A', '1985-01-01 00:00:00', '11111111111', 'Piloto', 'Rua A', 100, 'Bairro A', 'Cidade A', 'Estado A', 'Pais A', '12345-678'),
(2, 'Funcionario B', '1986-02-02 00:00:00', '22222222222', 'Copiloto', 'Rua B', 101, 'Bairro B', 'Cidade B', 'Estado B', 'Pais B', '22345-678'),
(3, 'Funcionario C', '1987-03-03 00:00:00', '33333333333', 'Comissário', 'Rua C', 102, 'Bairro C', 'Cidade C', 'Estado C', 'Pais C', '32345-678'),
(4, 'Funcionario D', '1988-04-04 00:00:00', '44444444444', 'Mecânico', 'Rua D', 103, 'Bairro D', 'Cidade D', 'Estado D', 'Pais D', '42345-678'),
(5, 'Funcionario E', '1989-05-05 00:00:00', '55555555555', 'Engenheiro', 'Rua E', 104, 'Bairro E', 'Cidade E', 'Estado E', 'Pais E', '52345-678');

UPDATE FUNCIONARIOS SET FUNC_FUNCAO = 'Gerente' WHERE FUNC_ID = 1;
UPDATE FUNCIONARIOS SET FUNC_CIDADE = 'Cidade Atualizada B' WHERE FUNC_ID = 2;

DELETE FROM FUNCIONARIOS WHERE FUNC_ID = 5;

INSERT INTO VOOS (VOO_ID, VOO_DATA, VOO_HORA, VOO_AEROP_ORIGEM, VOO_AEROP_DESTINO, VOO_AERONAVES)
VALUES
(1, '2024-10-01', '08:00:00', 'AER1', 'AER2', 'PR-A1'),
(2, '2024-10-02', '09:00:00', 'AER2', 'AER3', 'PR-B2'),
(3, '2024-10-03', '10:00:00', 'AER3', 'AER4', 'PR-C3'),
(4, '2024-10-04', '11:00:00', 'AER4', 'AER5', 'PR-D4'),
(5, '2024-10-05', '12:00:00', 'AER5', 'AER1', 'PR-E5');

UPDATE VOOS SET VOO_AEROP_ORIGEM = 'AER3' WHERE VOO_ID = 1;
UPDATE VOOS SET VOO_HORA = '13:00:00' WHERE VOO_ID = 2;

DELETE FROM VOOS WHERE VOO_ID = 5;

INSERT INTO RESERVAS (RES_COD, PASS_CPF, VOO_ID)
VALUES
(1, '11111111111', 1),
(2, '22222222222', 2),
(3, '33333333333', 3),
(4, '44444444444', 4),
(5, '11111111111', 2);

UPDATE RESERVAS SET PASS_CPF = '33333333333' WHERE RES_COD = 1;
UPDATE RESERVAS SET VOO_ID = 4 WHERE RES_COD = 2;

DELETE FROM RESERVAS WHERE RES_COD = 5;

INSERT INTO OPERACAO_DE_VOO (FUNC_ID, VOO_ID)
VALUES
(1, 1),
(2, 2),
(3, 3),
(4, 4),
(5, 1);

UPDATE OPERACAO_DE_VOO SET VOO_ID = 3 WHERE FUNC_ID = 1 AND VOO_ID = 1;
UPDATE OPERACAO_DE_VOO SET FUNC_ID = 4 WHERE FUNC_ID = 2 AND VOO_ID = 2;

DELETE FROM OPERACAO_DE_VOO WHERE FUNC_ID = 5 AND VOO_ID = 1;
