USE EST_CASO_IV_DDL;

INSERT INTO ALUNOS (ALU_ID, ALU_NOME, ALU_DATANASC, ALU_LOG, ALU_N_LOG, ALU_BAIRRO, ALU_CIDADE, ALU_UF, ALU_PAIS, ALU_CEP, ALU_MODAL_PREF)
VALUES 
(1, 'Aluno A', '2000-01-01', 'Rua A', 100, 'Bairro A', 'Cidade A', 'SP', 'Brasil', '12345-678', 'Yoga'),
(2, 'Aluno B', '1999-02-02', 'Rua B', 101, 'Bairro B', 'Cidade B', 'RJ', 'Brasil', '22345-678', 'Pilates'),
(3, 'Aluno C', '2001-03-03', 'Rua C', 102, 'Bairro C', 'Cidade C', 'MG', 'Brasil', '32345-678', 'Musculação'),
(4, 'Aluno D', '1998-04-04', 'Rua D', 103, 'Bairro D', 'Cidade D', 'ES', 'Brasil', '42345-678', 'Crossfit'),
(5, 'Aluno E', '1997-05-05', 'Rua E', 104, 'Bairro E', 'Cidade E', 'RS', 'Brasil', '52345-678', 'Natação');

UPDATE ALUNOS SET ALU_NOME = 'Aluno Atualizado A' WHERE ALU_ID = 1;
UPDATE ALUNOS SET ALU_MODAL_PREF = 'Funcional' WHERE ALU_ID = 2;

DELETE FROM ALUNOS WHERE ALU_ID = 5;

INSERT INTO INSTRUTORES (INSTRU_ID, INSTRU_NOME)
VALUES
(1, 'Instrutor A'),
(2, 'Instrutor B'),
(3, 'Instrutor C'),
(4, 'Instrutor D'),
(5, 'Instrutor E');

UPDATE INSTRUTORES SET INSTRU_NOME = 'Instrutor Atualizado A' WHERE INSTRU_ID = 1;
UPDATE INSTRUTORES SET INSTRU_NOME = 'Instrutor Atualizado B' WHERE INSTRU_ID = 2;

DELETE FROM INSTRUTORES WHERE INSTRU_ID = 5;

INSERT INTO MODALIDADES (MODAL_ID, MODAL_NOME)
VALUES
(1, 'Yoga'),
(2, 'Pilates'),
(3, 'Musculação'),
(4, 'Crossfit'),
(5, 'Natação');

UPDATE MODALIDADES SET MODAL_NOME = 'Yoga Avançado' WHERE MODAL_ID = 1;
UPDATE MODALIDADES SET MODAL_NOME = 'Pilates Avançado' WHERE MODAL_ID = 2;

DELETE FROM MODALIDADES WHERE MODAL_ID = 5;

INSERT INTO PAGAMENTOS (PAG_ID, PAG_DATA, PAG_VALOR, PAG_STATUS, PAG_ALU_ID)
VALUES
(1, '2024-01-01', 100.00, 'Pago', 1),
(2, '2024-02-01', 200.00, 'Pendente', 2),
(3, '2024-03-01', 150.00, 'Pago', 3),
(4, '2024-04-01', 250.00, 'Cancelado', 4),
(5, '2024-05-01', 300.00, 'Pago', 5);

UPDATE PAGAMENTOS SET PAG_STATUS = 'Pago' WHERE PAG_ID = 2;
UPDATE PAGAMENTOS SET PAG_VALOR = 180.00 WHERE PAG_ID = 3;

DELETE FROM PAGAMENTOS WHERE PAG_ID = 5;

INSERT INTO INSTRUTORES_MODALIDADES (NSMD_INSTRU_ID, NSMD_MODAL_ID)
VALUES
(1, 1),
(2, 2),
(3, 3),
(4, 4),
(5, 5);

UPDATE INSTRUTORES_MODALIDADES SET NSMD_MODAL_ID = 3 WHERE NSMD_INSTRU_ID = 1 AND NSMD_MODAL_ID = 1;
UPDATE INSTRUTORES_MODALIDADES SET NSMD_INSTRU_ID = 4 WHERE NSMD_INSTRU_ID = 2 AND NSMD_MODAL_ID = 2;

DELETE FROM INSTRUTORES_MODALIDADES WHERE NSMD_INSTRU_ID = 5 AND NSMD_MODAL_ID = 5;

INSERT INTO PLANOS_DE_TREINO (PDT_ID, PDT_ALU_ID, PDT_NSMD_INSTRU_ID, PDT_NSMD_MODAL_ID)
VALUES
(1, 1, 1, 1),
(2, 2, 2, 2),
(3, 3, 3, 3),
(4, 4, 4, 4),
(5, 1, 1, 2);

UPDATE PLANOS_DE_TREINO SET PDT_ALU_ID = 2 WHERE PDT_ID = 1;
UPDATE PLANOS_DE_TREINO SET PDT_NSMD_MODAL_ID = 2 WHERE PDT_ID = 5;

DELETE FROM PLANOS_DE_TREINO WHERE PDT_ID = 5;

INSERT INTO AULAS (AUL_ID, AUL_HORARIO, AUL_CAPACIADE, AUL_NSMD_INSTRU_ID, AUL_NSMD_MODAL_ID, AUL_PDT_ID)
VALUES
(1, '10:00:00', 20, 1, 1, 1),
(2, '11:00:00', 15, 2, 2, 2),
(3, '12:00:00', 25, 3, 3, 3),
(4, '13:00:00', 10, 4, 4, 4),
(5, '14:00:00', 30, 1, 1, 2);

UPDATE AULAS SET AUL_CAPACIADE = 35 WHERE AUL_ID = 1;
UPDATE AULAS SET AUL_HORARIO = '15:00:00' WHERE AUL_ID = 2;

DELETE FROM AULAS WHERE AUL_ID = 5;
