USE EST_CASO_V_DDL;

INSERT INTO CLIENTES (CLI_CPF, CLI_NOME, CLI_DATANASC, CLI_RUA, CLI_NUMRUA, CLI_BAIRRO, CLI_CIDADE, CLI_UF, CLI_PAIS, CLI_CEP, CLI_STATUS)
VALUES 
('11111111111', 'Cliente A', '1990-01-01', 'Rua A', 100, 'Bairro A', 'Cidade A', 'SP', 'Brasil', '12345-678', 'Ativo'),
('22222222222', 'Cliente B', '1985-02-02', 'Rua B', 101, 'Bairro B', 'Cidade B', 'RJ', 'Brasil', '22345-678', 'Inativo'),
('33333333333', 'Cliente C', '1975-03-03', 'Rua C', 102, 'Bairro C', 'Cidade C', 'MG', 'Brasil', '32345-678', 'Ativo'),
('44444444444', 'Cliente D', '1980-04-04', 'Rua D', 103, 'Bairro D', 'Cidade D', 'ES', 'Brasil', '42345-678', 'Ativo'),
('55555555555', 'Cliente E', '1995-05-05', 'Rua E', 104, 'Bairro E', 'Cidade E', 'RS', 'Brasil', '52345-678', 'Inativo');

UPDATE CLIENTES SET CLI_NOME = 'Cliente Atualizado A' WHERE CLI_CPF = '11111111111';
UPDATE CLIENTES SET CLI_STATUS = 'Inativo' WHERE CLI_CPF = '44444444444';

DELETE FROM CLIENTES WHERE CLI_CPF = '55555555555';

INSERT INTO FORNECEDORES (FORN_CNPJ, FORN_CONTATO, FORN_NOME)
VALUES
(111111111, 'Contato A', 'Fornecedor A'),
(222222222, 'Contato B', 'Fornecedor B'),
(333333333, 'Contato C', 'Fornecedor C'),
(444444444, 'Contato D', 'Fornecedor D'),
(555555555, 'Contato E', 'Fornecedor E');

UPDATE FORNECEDORES SET FORN_NOME = 'Fornecedor Atualizado A' WHERE FORN_CNPJ = 111111111;
UPDATE FORNECEDORES SET FORN_CONTATO = 'Novo Contato B' WHERE FORN_CNPJ = 222222222;

DELETE FROM FORNECEDORES WHERE FORN_CNPJ = 555555555;

INSERT INTO PRODUTOS (PROD_COD, PROD_CATEGORIA, PROD_PROCO, PROD_QT)
VALUES
(1, 'Eletrônicos', 1500.00, 50),
(2, 'Roupas', 200.00, 100),
(3, 'Alimentos', 15.00, 500),
(4, 'Móveis', 750.00, 30),
(5, 'Brinquedos', 60.00, 150);

UPDATE PRODUTOS SET PROD_CATEGORIA = 'Eletrodomésticos' WHERE PROD_COD = 1;
UPDATE PRODUTOS SET PROD_PROCO = 210.00 WHERE PROD_COD = 2;

DELETE FROM PRODUTOS WHERE PROD_COD = 5;

INSERT INTO VENDAS (VEN_COD, VEN_CLI_CPF)
VALUES
(1, '11111111111'),
(2, '22222222222'),
(3, '33333333333'),
(4, '44444444444'),
(5, '11111111111');

UPDATE VENDAS SET VEN_CLI_CPF = '33333333333' WHERE VEN_COD = 1;
UPDATE VENDAS SET VEN_CLI_CPF = '44444444444' WHERE VEN_COD = 2;

DELETE FROM VENDAS WHERE VEN_COD = 5;

INSERT INTO PAGAMENTOS (PAG_CON, PAG_DATA, PAG_VALOR, PAG_STATUS, PAG_FORMA, PAG_VEN_COD)
VALUES
(1, '2024-01-01', 100.00, 'Pago', 'Cartão', 1),
(2, '2024-02-01', 200.00, 'Pendente', 'Boleto', 2),
(3, '2024-03-01', 150.00, 'Pago', 'Transferência', 3),
(4, '2024-04-01', 250.00, 'Cancelado', 'Dinheiro', 4),
(5, '2024-05-01', 300.00, 'Pago', 'Cheque', 1);

UPDATE PAGAMENTOS SET PAG_STATUS = 'Cancelado' WHERE PAG_CON = 2;
UPDATE PAGAMENTOS SET PAG_VALOR = 180.00 WHERE PAG_CON = 3;

DELETE FROM PAGAMENTOS WHERE PAG_CON = 5;

INSERT INTO FORNECEDORES_PRODUTOS (FRPR_FORN_CNPJ, FRPR_PROD_COD)
VALUES
(111111111, 1),
(222222222, 2),
(333333333, 3),
(444444444, 4),
(111111111, 2);

UPDATE FORNECEDORES_PRODUTOS SET FRPR_PROD_COD = 3 WHERE FRPR_FORN_CNPJ = 111111111 AND FRPR_PROD_COD = 1;
UPDATE FORNECEDORES_PRODUTOS SET FRPR_FORN_CNPJ = 444444444 WHERE FRPR_FORN_CNPJ = 222222222 AND FRPR_PROD_COD = 2;

DELETE FROM FORNECEDORES_PRODUTOS WHERE FRPR_FORN_CNPJ = 111111111 AND FRPR_PROD_COD = 2;

INSERT INTO PRODUTOS_VENDAS (PRVN_PROD_COD, PRVN_VEN_COD, PRVN_QT, PRVN_VALOR_VENDA)
VALUES
(1, 1, 10, 1500.00),
(2, 2, 5, 200.00),
(3, 3, 15, 15.00),
(4, 4, 3, 750.00),
(1, 2, 7, 1500.00);

UPDATE PRODUTOS_VENDAS SET PRVN_QT = 20 WHERE PRVN_PROD_COD = 1 AND PRVN_VEN_COD = 1;
UPDATE PRODUTOS_VENDAS SET PRVN_VALOR_VENDA = 180.00 WHERE PRVN_PROD_COD = 2 AND PRVN_VEN_COD = 2;

DELETE FROM PRODUTOS_VENDAS WHERE PRVN_PROD_COD = 1 AND PRVN_VEN_COD = 2;
